Model,R2,MAE,RMSE
Linear Regression,0.35463725916324307,639.4584786293334,979.3043844591974
Random Forest,0.5225087698471809,500.2672544700528,842.3613937083214
