Model,R2,MAE,RMSE
Linear Regression,0.35463725916324373,639.4584786293328,979.3043844591969
Random Forest,0.5215082260267921,500.5889871750529,843.2434815677021
